{"accuracy": [0.4950000047683716, 0.550000011920929, 0.5649999976158142, 0.6349999904632568, 0.5649999976158142, 0.6449999809265137, 0.6100000143051147, 0.6349999904632568, 0.6399999856948853, 0.7099999785423279, 0.6600000262260437, 0.7200000286102295, 0.7350000143051147, 0.7400000095367432, 0.7599999904632568, 0.7549999952316284, 0.7250000238418579, 0.7450000047683716, 0.75, 0.7649999856948853, 0.824999988079071, 0.8050000071525574, 0.7900000214576721, 0.7599999904632568, 0.8199999928474426, 0.8199999928474426, 0.8050000071525574, 0.8450000286102295, 0.8799999952316284, 0.8399999737739563, 0.8799999952316284, 0.8700000047683716, 0.8299999833106995, 0.8799999952316284, 0.8650000095367432, 0.8050000071525574, 0.8050000071525574, 0.8299999833106995, 0.8700000047683716, 0.8799999952316284, 0.875, 0.8450000286102295, 0.8399999737739563, 0.8450000286102295, 0.8550000190734863, 0.8600000143051147, 0.875, 0.8550000190734863, 0.8349999785423279, 0.8650000095367432, 0.8500000238418579, 0.8500000238418579, 0.8299999833106995, 0.875, 0.8700000047683716, 0.8949999809265137, 0.8999999761581421, 0.8500000238418579, 0.9049999713897705, 0.8899999856948853, 0.8650000095367432, 0.8949999809265137, 0.8299999833106995, 0.8650000095367432, 0.8650000095367432, 0.875, 0.8999999761581421, 0.8899999856948853, 0.9049999713897705, 0.8650000095367432, 0.9100000262260437, 0.9100000262260437, 0.8949999809265137, 0.8399999737739563, 0.8650000095367432, 0.8399999737739563, 0.8650000095367432, 0.8999999761581421, 0.8999999761581421, 0.8899999856948853, 0.8849999904632568, 0.8700000047683716, 0.875, 0.9150000214576721, 0.925000011920929, 0.9150000214576721, 0.9049999713897705, 0.9300000071525574, 0.8600000143051147, 0.8899999856948853, 0.8949999809265137, 0.9200000166893005, 0.925000011920929, 0.9200000166893005, 0.8650000095367432, 0.9200000166893005, 0.8849999904632568, 0.9150000214576721, 0.8500000238418579, 0.8650000095367432], "loss": [0.9950963854789734, 0.8822407722473145, 0.8880743980407715, 0.750964343547821, 0.7748382687568665, 0.743028461933136, 0.7840427160263062, 0.7306776642799377, 0.6939958333969116, 0.6265211701393127, 0.6632581353187561, 0.5658924579620361, 0.5542487502098083, 0.5872487425804138, 0.551470935344696, 0.5452709197998047, 0.6437779068946838, 0.5520990490913391, 0.6521371603012085, 0.5629724860191345, 0.49808910489082336, 0.41381722688674927, 0.4662916958332062, 0.5109714269638062, 0.45875877141952515, 0.4407896101474762, 0.5333448648452759, 0.35191771388053894, 0.34250617027282715, 0.4801521301269531, 0.3389073610305786, 0.33901354670524597, 0.35987576842308044, 0.31853702664375305, 0.3787662386894226, 0.48406004905700684, 0.4417521357536316, 0.4352245032787323, 0.3492385745048523, 0.3712666630744934, 0.34064623713493347, 0.379547655582428, 0.383749395608902, 0.36737361550331116, 0.31162139773368835, 0.3257178068161011, 0.30048510432243347, 0.32344886660575867, 0.40109509229660034, 0.3808531165122986, 0.3462842106819153, 0.3363078832626343, 0.41440266370773315, 0.29288387298583984, 0.3116845190525055, 0.27098995447158813, 0.28215017914772034, 0.42509859800338745, 0.30994781851768494, 0.3294547200202942, 0.401142418384552, 0.31968560814857483, 0.4562966227531433, 0.38147610425949097, 0.2838684320449829, 0.29210036993026733, 0.24516943097114563, 0.25413966178894043, 0.2864535450935364, 0.3189529776573181, 0.2177804410457611, 0.24598637223243713, 0.28624600172042847, 0.3615657687187195, 0.2755146324634552, 0.4428969621658325, 0.29678723216056824, 0.23411506414413452, 0.28754109144210815, 0.3076103925704956, 0.32787784934043884, 0.2925874888896942, 0.33351996541023254, 0.21919292211532593, 0.15765585005283356, 0.215864360332489, 0.30835938453674316, 0.17426685988903046, 0.37012454867362976, 0.25118470191955566, 0.225086972117424, 0.2000536173582077, 0.1763979196548462, 0.21321356296539307, 0.3513653874397278, 0.17609502375125885, 0.25986340641975403, 0.32194384932518005, 0.3139469027519226, 0.3422759771347046], "val_accuracy": [0.5, 0.5400000214576721, 0.5299999713897705, 0.5, 0.5, 0.5, 0.5, 0.5, 0.5, 0.5, 0.5, 0.5, 0.5, 0.5, 0.5, 0.49000000953674316, 0.5199999809265137, 0.5699999928474426, 0.5400000214576721, 0.5199999809265137, 0.5699999928474426, 0.5899999737739563, 0.5899999737739563, 0.5799999833106995, 0.5699999928474426, 0.5799999833106995, 0.550000011920929, 0.5699999928474426, 0.5600000023841858, 0.5600000023841858, 0.5699999928474426, 0.5899999737739563, 0.5600000023841858, 0.5199999809265137, 0.5099999904632568, 0.5099999904632568, 0.5299999713897705, 0.5199999809265137, 0.5099999904632568, 0.5099999904632568, 0.5199999809265137, 0.550000011920929, 0.5600000023841858, 0.5699999928474426, 0.550000011920929, 0.5899999737739563, 0.6399999856948853, 0.6399999856948853, 0.75, 0.7900000214576721, 0.7799999713897705, 0.7400000095367432, 0.7099999785423279, 0.6800000071525574, 0.6600000262260437, 0.6800000071525574, 0.6499999761581421, 0.6399999856948853, 0.75, 0.7400000095367432, 0.7900000214576721, 0.7799999713897705, 0.7799999713897705, 0.5600000023841858, 0.6100000143051147, 0.7699999809265137, 0.7900000214576721, 0.7699999809265137, 0.7699999809265137, 0.8399999737739563, 0.8500000238418579, 0.8399999737739563, 0.8299999833106995, 0.8100000023841858, 0.7799999713897705, 0.800000011920929, 0.8100000023841858, 0.8100000023841858, 0.800000011920929, 0.8199999928474426, 0.8700000047683716, 0.800000011920929, 0.8399999737739563, 0.8299999833106995, 0.8199999928474426, 0.8399999737739563, 0.8600000143051147, 0.8500000238418579, 0.8399999737739563, 0.8299999833106995, 0.8100000023841858, 0.8399999737739563, 0.8399999737739563, 0.8299999833106995, 0.8600000143051147, 0.8299999833106995, 0.8199999928474426, 0.8700000047683716, 0.8600000143051147, 0.8500000238418579], "val_loss": [0.6891133189201355, 0.6864182949066162, 0.6848953366279602, 0.683017909526825, 0.6830855011940002, 0.6867613196372986, 0.690173864364624, 0.6948261260986328, 0.7058653831481934, 0.7226712107658386, 0.726716935634613, 0.7258889675140381, 0.7185094952583313, 0.7045136094093323, 0.6911810040473938, 0.6893360018730164, 0.6851271986961365, 0.682539701461792, 0.6888628602027893, 0.690674901008606, 0.6769747734069824, 0.6672243475914001, 0.6642866730690002, 0.6668215394020081, 0.6691911220550537, 0.6647505760192871, 0.6836894750595093, 0.7162234783172607, 0.7364338040351868, 0.7090832591056824, 0.7011720538139343, 0.7239553928375244, 0.8128561973571777, 0.9035608768463135, 1.027186393737793, 1.0152428150177002, 0.9374207258224487, 1.0345234870910645, 1.165857195854187, 1.3110966682434082, 1.0837041139602661, 0.9568096399307251, 0.8871573805809021, 0.9174087643623352, 0.9468929767608643, 0.8298822045326233, 0.7280017137527466, 0.7247321605682373, 0.550652265548706, 0.4780455529689789, 0.47398102283477783, 0.518544614315033, 0.56389981508255, 0.6009709239006042, 0.6153484582901001, 0.6673962473869324, 0.7961472868919373, 0.6737357378005981, 0.6026163697242737, 0.5182618498802185, 0.4982984662055969, 0.4796379804611206, 0.520718514919281, 0.8810437917709351, 0.6955670714378357, 0.5070174932479858, 0.48985329270362854, 0.5424133539199829, 0.5411319136619568, 0.40816688537597656, 0.38489165902137756, 0.4897351562976837, 0.4099958539009094, 0.3958852291107178, 0.4680175483226776, 0.4060313105583191, 0.37950417399406433, 0.41626614332199097, 0.3758276104927063, 0.37584590911865234, 0.422092467546463, 0.581519603729248, 0.382280170917511, 0.46749037504196167, 0.5425478219985962, 0.46470046043395996, 0.43230992555618286, 0.42738980054855347, 0.4643594026565552, 0.8173362016677856, 0.5446701645851135, 0.4872745871543884, 0.4249520003795624, 0.6481808423995972, 0.5287234783172607, 0.4143339991569519, 0.43053439259529114, 0.3684806525707245, 0.4314226508140564, 0.4493180811405182]}